INSERT INTO teams (name) VALUES
  ('Team Chubbs'),
  ('Team McAvoy')
ON CONFLICT (name) DO NOTHING;

-- Seed example courses (replace names and hole data with real scorecards)
INSERT INTO courses (id, name, short_name) VALUES
  ('00000000-0000-0000-0000-000000000101', 'Course One', 'Course 1'),
  ('00000000-0000-0000-0000-000000000102', 'Course Two', 'Course 2'),
  ('00000000-0000-0000-0000-000000000103', 'Course Three', 'Course 3')
ON CONFLICT (id) DO NOTHING;

-- Generic 18-hole layout for each course (placeholder yardage/par)
-- Course One
INSERT INTO course_holes (course_id, hole_number, yardage, par) VALUES
  ('00000000-0000-0000-0000-000000000101', 1, 410, 4),
  ('00000000-0000-0000-0000-000000000101', 2, 390, 4),
  ('00000000-0000-0000-0000-000000000101', 3, 170, 3),
  ('00000000-0000-0000-0000-000000000101', 4, 430, 4),
  ('00000000-0000-0000-0000-000000000101', 5, 520, 5),
  ('00000000-0000-0000-0000-000000000101', 6, 400, 4),
  ('00000000-0000-0000-0000-000000000101', 7, 180, 3),
  ('00000000-0000-0000-0000-000000000101', 8, 410, 4),
  ('00000000-0000-0000-0000-000000000101', 9, 530, 5),
  ('00000000-0000-0000-0000-000000000101', 10, 400, 4),
  ('00000000-0000-0000-0000-000000000101', 11, 390, 4),
  ('00000000-0000-0000-0000-000000000101', 12, 180, 3),
  ('00000000-0000-0000-0000-000000000101', 13, 420, 4),
  ('00000000-0000-0000-0000-000000000101', 14, 510, 5),
  ('00000000-0000-0000-0000-000000000101', 15, 410, 4),
  ('00000000-0000-0000-0000-000000000101', 16, 190, 3),
  ('00000000-0000-0000-0000-000000000101', 17, 430, 4),
  ('00000000-0000-0000-0000-000000000101', 18, 540, 5)
ON CONFLICT (course_id, hole_number) DO NOTHING;

-- Course Two
INSERT INTO course_holes (course_id, hole_number, yardage, par) VALUES
  ('00000000-0000-0000-0000-000000000102', 1, 405, 4),
  ('00000000-0000-0000-0000-000000000102', 2, 380, 4),
  ('00000000-0000-0000-0000-000000000102', 3, 160, 3),
  ('00000000-0000-0000-0000-000000000102', 4, 440, 4),
  ('00000000-0000-0000-0000-000000000102', 5, 530, 5),
  ('00000000-0000-0000-0000-000000000102', 6, 395, 4),
  ('00000000-0000-0000-0000-000000000102', 7, 175, 3),
  ('00000000-0000-0000-0000-000000000102', 8, 420, 4),
  ('00000000-0000-0000-0000-000000000102', 9, 525, 5),
  ('00000000-0000-0000-0000-000000000102', 10, 395, 4),
  ('00000000-0000-0000-0000-000000000102', 11, 385, 4),
  ('00000000-0000-0000-0000-000000000102', 12, 175, 3),
  ('00000000-0000-0000-0000-000000000102', 13, 415, 4),
  ('00000000-0000-0000-0000-000000000102', 14, 505, 5),
  ('00000000-0000-0000-0000-000000000102', 15, 405, 4),
  ('00000000-0000-0000-0000-000000000102', 16, 185, 3),
  ('00000000-0000-0000-0000-000000000102', 17, 425, 4),
  ('00000000-0000-0000-0000-000000000102', 18, 535, 5)
ON CONFLICT (course_id, hole_number) DO NOTHING;

-- Course Three
INSERT INTO course_holes (course_id, hole_number, yardage, par) VALUES
  ('00000000-0000-0000-0000-000000000103', 1, 415, 4),
  ('00000000-0000-0000-0000-000000000103', 2, 395, 4),
  ('00000000-0000-0000-0000-000000000103', 3, 165, 3),
  ('00000000-0000-0000-0000-000000000103', 4, 435, 4),
  ('00000000-0000-0000-0000-000000000103', 5, 525, 5),
  ('00000000-0000-0000-0000-000000000103', 6, 405, 4),
  ('00000000-0000-0000-0000-000000000103', 7, 185, 3),
  ('00000000-0000-0000-0000-000000000103', 8, 415, 4),
  ('00000000-0000-0000-0000-000000000103', 9, 545, 5),
  ('00000000-0000-0000-0000-000000000103', 10, 405, 4),
  ('00000000-0000-0000-0000-000000000103', 11, 390, 4),
  ('00000000-0000-0000-0000-000000000103', 12, 185, 3),
  ('00000000-0000-0000-0000-000000000103', 13, 425, 4),
  ('00000000-0000-0000-0000-000000000103', 14, 515, 5),
  ('00000000-0000-0000-0000-000000000103', 15, 415, 4),
  ('00000000-0000-0000-0000-000000000103', 16, 195, 3),
  ('00000000-0000-0000-0000-000000000103', 17, 435, 4),
  ('00000000-0000-0000-0000-000000000103', 18, 550, 5)
ON CONFLICT (course_id, hole_number) DO NOTHING;

